{
  "9faac85": {
    "name": "_ga",
    "description": "Erhebung von Statistik \u00fcber die Nutzung der Webseite (Reichweitenmessung)",
    "code": "<script async src=\"https:\/\/www.googletagmanager.com\/gtag\/js?id=UA-xxxxxx-xx\"><\/script>\r\n<script>\r\n\twindow.dataLayer = window.dataLayer || [];\r\n\tfunction gtag(){dataLayer.push(arguments);}\r\n\tgtag('js', new Date());\r\n\tgtag('config', 'UA-xxxxxx-xx', {'anonymize_ip': true});\r\n<\/script>",
    "cookie_vendor": "Google Ireland Limited, Google Building Gordon House, 4 Barrow St, Dublin, D04 E5W5, Irland",
    "privacy_policy_url": "https:\/\/policies.google.com\/privacy?hl=de",
    "http_cookie_name": "_ga",
    "lifetime": "26 Monate",
    "collected_data_info": "Browserinformationen (Browsertyp, Referrer-\/Exit-Seiten, die auf unserer Website angezeigten Dateien, Betriebssystem, Datums-\/Zeitstempel und\/oder Clickstream-Daten)\r\nNutzungsdaten (Ansichten, Klicks)\r\nIP-Adresse (Wir haben die IP-Anonymisierung auf der Website aktiviert (sog. IP-Masking), sodass Ihre IP-Adresse von Google innerhalb der EU und des EWR vor der \u00dcbertragung soweit gek\u00fcrzt wird, dass sie keine R\u00fcckschl\u00fcsse mehr auf einzelne Personen zul\u00e4sst. Lediglich diese anonymisierte IP-Adresse werden an Google \u00fcbermittelt.)",
    "purpose_of_data_collection": "Erhebung von Statistik \u00fcber die Nutzung der Webseite (Reichweitenmessung)",
    "legal_basis": "Einwilligung, Art. 6 Abs. 1 lit. a DSGVO",
    "place_of_processing": "Europ\u00e4ische Union, Vereinigte Staaten von Amerika",
    "active": false,
    "purpose": "a717ff5",
    "translated_collected_data_info": {
      "de_DE": "Browserinformationen (Browsertyp, Referrer-\/Exit-Seiten, die auf unserer Website angezeigten Dateien, Betriebssystem, Datums-\/Zeitstempel und\/oder Clickstream-Daten)\r\nNutzungsdaten (Ansichten, Klicks)\r\nIP-Adresse (Wir haben die IP-Anonymisierung auf der Website aktiviert (sog. IP-Masking), sodass Ihre IP-Adresse von Google innerhalb der EU und des EWR vor der \u00dcbertragung soweit gek\u00fcrzt wird, dass sie keine R\u00fcckschl\u00fcsse mehr auf einzelne Personen zul\u00e4sst. Lediglich diese anonymisierte IP-Adresse werden an Google \u00fcbermittelt.)",
      "en_US": ""
    },
    "translated_description": {
      "de_DE": "Erhebung von Statistik \u00fcber die Nutzung der Webseite (Reichweitenmessung)",
      "en_US": "description"
    },
    "translated_legal_basis": {
      "de_DE": "Einwilligung, Art. 6 Abs. 1 lit. a DSGVO",
      "en_US": ""
    },
    "translated_lifetime": {
      "de_DE": "26 Monate",
      "en_US": ""
    },
    "translated_place_of_processing": {
      "de_DE": "Europ\u00e4ische Union, Vereinigte Staaten von Amerika",
      "en_US": ""
    },
    "translated_privacy_policy_url": {
      "de_DE": "https:\/\/policies.google.com\/privacy?hl=de",
      "en_US": ""
    },
    "translated_purpose_of_data_collection": {
      "de_DE": "Erhebung von Statistik \u00fcber die Nutzung der Webseite (Reichweitenmessung)",
      "en_US": ""
    }
  },
  "8d53b79": {
    "name": "_gid",
    "description": "Erhebung von Statistik \u00fcber die Nutzung der Webseite (Reichweitenmessung)",
    "code": "",
    "cookie_vendor": "Google Ireland Limited, Google Building Gordon House, 4 Barrow St, Dublin, D04 E5W5, Irland",
    "privacy_policy_url": "https:\/\/policies.google.com\/privacy?hl=de",
    "http_cookie_name": "_gid",
    "lifetime": "24h",
    "collected_data_info": "Browserinformationen (Browsertyp, Referrer-\/Exit-Seiten, die auf unserer Website angezeigten Dateien, Betriebssystem, Datums-\/Zeitstempel und\/oder Clickstream-Daten)\r\nNutzungsdaten (Ansichten, Klicks)\r\nIP-Adresse (Wir haben die IP-Anonymisierung auf der Website aktiviert (sog. IP-Masking), sodass Ihre IP-Adresse von Google innerhalb der EU und des EWR vor der \u00dcbertragung soweit gek\u00fcrzt wird, dass sie keine R\u00fcckschl\u00fcsse mehr auf einzelne Personen zul\u00e4sst. Lediglich diese anonymisierte IP-Adresse werden an Google \u00fcbermittelt.)",
    "purpose_of_data_collection": "Erhebung von Statistik \u00fcber die Nutzung der Webseite (Reichweitenmessung)",
    "legal_basis": "Einwilligung, Art. 6 Abs. 1 lit. a DSGVO",
    "place_of_processing": "Europ\u00e4ische Union, Vereinigte Staaten von Amerika",
    "active": false,
    "purpose": "a717ff5",
    "translated_collected_data_info": {
      "de_DE": "Browserinformationen (Browsertyp, Referrer-\/Exit-Seiten, die auf unserer Website angezeigten Dateien, Betriebssystem, Datums-\/Zeitstempel und\/oder Clickstream-Daten)\r\nNutzungsdaten (Ansichten, Klicks)\r\nIP-Adresse (Wir haben die IP-Anonymisierung auf der Website aktiviert (sog. IP-Masking), sodass Ihre IP-Adresse von Google innerhalb der EU und des EWR vor der \u00dcbertragung soweit gek\u00fcrzt wird, dass sie keine R\u00fcckschl\u00fcsse mehr auf einzelne Personen zul\u00e4sst. Lediglich diese anonymisierte IP-Adresse werden an Google \u00fcbermittelt.)"
    },
    "translated_description": {
      "de_DE": "Erhebung von Statistik \u00fcber die Nutzung der Webseite (Reichweitenmessung)"
    },
    "translated_legal_basis": {
      "de_DE": "Einwilligung, Art. 6 Abs. 1 lit. a DSGVO"
    },
    "translated_lifetime": {
      "de_DE": "24h"
    },
    "translated_place_of_processing": {
      "de_DE": "Europ\u00e4ische Union, Vereinigte Staaten von Amerika"
    },
    "translated_privacy_policy_url": {
      "de_DE": "https:\/\/policies.google.com\/privacy?hl=de"
    },
    "translated_purpose_of_data_collection": {
      "de_DE": "Erhebung von Statistik \u00fcber die Nutzung der Webseite (Reichweitenmessung)"
    }
  },
  "b7ffa37": {
    "name": "ccm_consent",
    "description": "Dient zur Speicherung der Cookie Consent Vereinbarung - welche Cookies gesetzt werden d\u00fcrfen.",
    "code": "",
    "cookie_vendor": "{FIRMA}",
    "privacy_policy_url": "{Firma_Datenschutz}",
    "http_cookie_name": "ccm_consent",
    "lifetime": "1 Jahr",
    "collected_data_info": "Zustand der Einstellung welche Cookies gesetzt werden d\u00fcrfen f\u00fcr Sie. Daten werden nach Kategorien sortiert gespeichert.",
    "purpose_of_data_collection": "Um Ihre Pr\u00e4ferenz f\u00fcr die Nutzung von Cookies auf dieser Seite zu speichern.",
    "legal_basis": "DSGVO Art.7 Absatz 1",
    "place_of_processing": "{Firma_Ort}",
    "active": true,
    "purpose": "41ba25c",
    "translated_collected_data_info": {
      "de_DE": "Zustand der Einstellung welche Cookies gesetzt werden d\u00fcrfen f\u00fcr Sie. Daten werden nach Kategorien sortiert gespeichert."
    },
    "translated_description": {
      "de_DE": "Dient zur Speicherung der Cookie Consent Vereinbarung - welche Cookies gesetzt werden d\u00fcrfen."
    },
    "translated_legal_basis": {
      "de_DE": "DSGVO Art.7 Absatz 1"
    },
    "translated_lifetime": {
      "de_DE": "1 Jahr"
    },
    "translated_place_of_processing": {
      "de_DE": "{FIRMA}"
    },
    "translated_privacy_policy_url": {
      "de_DE": "{FIRMA}"
    },
    "translated_purpose_of_data_collection": {
      "de_DE": "Um Ihre Pr\u00e4ferenz f\u00fcr die Nutzung von Cookies auf dieser Seite zu speichern."
    }
  }
}
