{
  "3a719b1": {
    "name": "de_DE",
    "widget_title": "Wir nutzen Cookies und andere Technologien.",
    "widget_introduction": "Diese Website nutzt Cookies und vergleichbare Funktionen zur Verarbeitung von Endger\u00e4teinformationen und personenbezogenen Daten. Die Verarbeitung dient der Einbindung von Inhalten, externen Diensten und Elementen Dritter, der statistischen Analyse\/Messung, der personalisierten Werbung sowie der Einbindung sozialer Medien. Je nach Funktion werden dabei Daten an Dritte weitergegeben und an Dritte in Ländern in denen kein angemessenes Datenschutzniveau vorliegt z.B. die USA und von diesen verarbeitet. Ihre Einwilligung ist stets freiwillig, f\u00fcr die Nutzung unserer Website nicht erforderlich und kann jederzeit \u00fcber das Icon unten links abgelehnt oder widerrufen werden.",
    "widget_consent_button_text": "Alles akzeptieren",
    "widget_settings_button_text": "Einstellungen",
    "control_panel_title": "Bitte w\u00e4hlen Sie zuzulassende Richtlinien aus",
    "control_panel_cancel_button_text": "Abbrechen",
    "control_panel_save_button_text": "Speichern",
    "details_title": "Liste verwendeter Cookies",
    "details_close_button_text": "Schlie\u00dfen",
    "cookie_vendor_text": "Herausgeber",
    "cookie_description_text": "Beschreibung",
    "cookie_privacy_policy_url_text": "Link zur Datenschutzerkl\u00e4rung",
    "cookie_lifetime_text": "Lebensdauer",
    "cookie_collected_data_info_text": "Welche Daten werden erhoben?",
    "cookie_purpose_of_data_collection_text": "Zweck der Datenerhebung",
    "cookie_legal_basis_text": "Rechtliche Grundlage",
    "cookie_place_of_processing_text": "Ort der Verarbeitung",
    "imprint_text": "Impressum",
    "privacy_policy_text": "Datenschutzhinweis",
    "blocked_content_title": "Externe Inhalte blockiert!",
    "blocked_content_text": "An dieser Stelle wurde das Laden einer Ressource von :domain unterbunden. Ob und welche Cookies m\u00f6glicherweise durch den Aufruf gesetzt w\u00fcrden, k\u00f6nnen wir Ihnen nicht sagen. Wenn Sie Inhalte von :domain dennoch nachladen m\u00f6chten, akzeptieren Sie diesen Umstand bitte mit folgender Schaltfl\u00e4che.",
    "blocked_content_button_text": "Externe Inhalte nachladen",
    "purpose_name": {
      "41ba25c": "Technisch notwendig",
      "cdcbd7c": "Anzeigen \/ Ads",
      "a717ff5": "Analyse",
      "7c19e32": "Personalisierung",
      "6cd2721": "Statistik",
      "15c61c3": "Sonstiges"
    },
    "enabled": true,
    "widget_decline_button_text": "Ablehnen",
    "change_consent_label": "Zustimmung ändern"
  },
  "68245d1": {
    "name": "en_US",
    "widget_title": "We use cookies and other technologies.",
    "widget_introduction": "This website uses cookies, web beacons, JavaScript and similar technologies. I agree that companies associated with this website and third parties create pseudonymized user profiles for website personalization, market research and advertising. Although the generated information can be forwarded to third parties, it can not be combined with personal information. Detailed information and how to withdraw your consent can be found in the privacy policy of the site.",
    "widget_consent_button_text": "Accept all",
    "widget_settings_button_text": "Settings",
    "control_panel_title": "Please select policies to allow",
    "control_panel_cancel_button_text": "Cancel",
    "control_panel_save_button_text": "Save",
    "details_title": "List of used cookies",
    "details_close_button_text": "Close",
    "cookie_vendor_text": "Vendor",
    "cookie_description_text": "Description",
    "cookie_privacy_policy_url_text": "Link to privacy policy",
    "cookie_lifetime_text": "Lifetime",
    "cookie_collected_data_info_text": "What data will be collected?",
    "cookie_purpose_of_data_collection_text": "Purpose of data collection",
    "cookie_legal_basis_text": "Legal basis",
    "cookie_place_of_processing_text": "Place of processing",
    "imprint_text": "Imprint",
    "privacy_policy_text": "Privacy Policy",
    "blocked_content_title": "Blocked external content!",
    "blocked_content_text": "At this point the loading of a resource from :domain was suppressed. We cannot tell you whether and which cookies would possibly be set by the call. If you still want to load contents from :domain, please accept this with the following button.",
    "blocked_content_button_text": "Load external content",
    "purpose_name": {
      "41ba25c": "Technically neccessary",
      "cdcbd7c": "Advertisements",
      "a717ff5": "Measurement",
      "7c19e32": "Personalization",
      "6cd2721": "Statistics",
      "15c61c3": "Other"
    },
    "enabled": false,
    "widget_decline_button_text": "Decline",
    "change_consent_label": "Change consent"
  },
  "fbc978f": {
    "name": "fr_FR",
    "widget_title": "Nous utilisons des cookies et d'autres technologies.",
    "widget_introduction": "Ce site web utilise des cookies, des balises web, Javascript et des technologies similaires. J'accepte que les entreprises et les tiers appartenant \u00e0 {FIRMA} puissent cr\u00e9er des profils d'utilisateurs pseudonymes pour la personnalisation du site web, les \u00e9tudes de march\u00e9 et la publicit\u00e9. Bien que les informations g\u00e9n\u00e9r\u00e9es puissent \u00eatre partag\u00e9es avec des tiers, elles ne peuvent pas \u00eatre combin\u00e9es avec des informations personnelles. Vous trouverez des informations d\u00e9taill\u00e9es \u00e0 ce sujet et sur la mani\u00e8re de retirer votre consentement dans la politique de confidentialit\u00e9 du site.",
    "widget_consent_button_text": "OK",
    "widget_settings_button_text": "Param\u00e8tres",
    "control_panel_title": "Veuillez s\u00e9lectionner les lignes directrices \u00e0 approuver",
    "control_panel_cancel_button_text": "Annuler",
    "control_panel_save_button_text": "Sauvegarder",
    "details_title": "Liste des cookies utilis\u00e9s",
    "details_close_button_text": "Fermer",
    "cookie_vendor_text": "\u00c9diteur",
    "cookie_description_text": "Description",
    "cookie_privacy_policy_url_text": "Lien vers la politique de protection de la vie priv\u00e9e",
    "cookie_lifetime_text": "Lifetime",
    "cookie_collected_data_info_text": "Quelles sont les donn\u00e9es collect\u00e9es ?",
    "cookie_purpose_of_data_collection_text": "Objectif de la collecte de donn\u00e9es",
    "cookie_legal_basis_text": "Base juridique",
    "cookie_place_of_processing_text": "Lieu de traitement",
    "imprint_text": "Mentions l\u00e9gales",
    "privacy_policy_text": "Politique de confidentialit\u00e9",
    "blocked_content_title": "Contenu externe bloqu\u00e9 !",
    "blocked_content_text": "\u00c0 ce stade, le chargement d'une ressource \u00e0 partir de :domain a \u00e9t\u00e9 emp\u00each\u00e9. Nous ne pouvons pas vous dire si et quels cookies seraient \u00e9ventuellement plac\u00e9s par l'appel. Si vous souhaitez quand m\u00eame recharger le contenu, veuillez l'accepter en cliquant sur le bouton suivant.",
    "blocked_content_button_text": "Recharger le contenu externe",
    "purpose_name": {
      "41ba25c": "N\u00e9cessaire sur le plan technique",
      "cdcbd7c": "Affichages \/ publicit\u00e9s",
      "a717ff5": "Analyse",
      "7c19e32": "Personnalisation",
      "6cd2721": "Statistiques",
      "15c61c3": "Divers"
    },
    "enabled": false,
    "widget_decline_button_text": "D\u00e9clin",
    "change_consent_label": "Modification du consentement"
  },
  "c18db1e": {
    "name": "es_ES",
    "widget_title": "Utilizamos cookies y otras tecnolog\u00edas.",
    "widget_introduction": "Este sitio web utiliza cookies, web beacons, Javascript y tecnolog\u00edas similares. Estoy de acuerdo en que las empresas y terceros pertenecientes a {FIRMA} puedan crear perfiles de usuario seud\u00f3nimos para la personalizaci\u00f3n del sitio web, la investigaci\u00f3n de mercado y la publicidad. Aunque la informaci\u00f3n generada puede compartirse con terceros, no puede combinarse con la informaci\u00f3n personal. En la pol\u00edtica de privacidad del sitio se puede encontrar informaci\u00f3n detallada sobre esto y c\u00f3mo retirar su consentimiento.",
    "widget_consent_button_text": "OK",
    "widget_settings_button_text": "Ajustes",
    "control_panel_title": "Por favor, seleccione las directrices para ser aprobadas",
    "control_panel_cancel_button_text": "Cancelar",
    "control_panel_save_button_text": "Guardar",
    "details_title": "Lista de cookies utilizadas",
    "details_close_button_text": "Cerrar",
    "cookie_vendor_text": "Editorial",
    "cookie_description_text": "Descripci\u00f3n",
    "cookie_privacy_policy_url_text": "Enlace a la pol\u00edtica de privacidad",
    "cookie_lifetime_text": "De por vida",
    "cookie_collected_data_info_text": "\u00bfQu\u00e9 datos se recogen?",
    "cookie_purpose_of_data_collection_text": "Prop\u00f3sito de la recopilaci\u00f3n de datos",
    "cookie_legal_basis_text": "Base legal",
    "cookie_place_of_processing_text": "Lugar de procesamiento",
    "imprint_text": "Pie de imprenta",
    "privacy_policy_text": "Pol\u00edtica de privacidad",
    "blocked_content_title": "\u00a1Contenido externo bloqueado!",
    "blocked_content_text": "En este punto se impidi\u00f3 la carga de un recurso de :dominio. No podemos decirle si y qu\u00e9 galletas podr\u00edan ser colocadas por la llamada. Si todav\u00eda quieres recargar el contenido, por favor acepta este hecho con el siguiente bot\u00f3n.",
    "blocked_content_button_text": "Recargar el contenido externo",
    "purpose_name": {
      "41ba25c": "T\u00e9cnicamente necesario",
      "cdcbd7c": "Pantallas \/ Anuncios",
      "a717ff5": "An\u00e1lisis",
      "7c19e32": "Personalizaci\u00f3n",
      "6cd2721": "Estad\u00edsticas",
      "15c61c3": "Miscel\u00e1nea"
    },
    "enabled": false,
    "widget_decline_button_text": "Disminuci\u00f3n",
    "change_consent_label": "Modificar el consentimiento"
  },
  "4b58302": {
    "name": "pt_pt",
    "widget_title": "N\u00f3s usamos cookies e outras tecnologias.",
    "widget_introduction": "Este site utiliza cookies, web beacons, Javascript e tecnologias similares. Concordo que empresas e terceiros pertencentes \u00e0 {FIRMA} podem criar perfis de usu\u00e1rios pseud\u00f4nimos para a personaliza\u00e7\u00e3o do site, pesquisa de mercado e publicidade. Embora a informa\u00e7\u00e3o gerada possa ser compartilhada com terceiros, ela n\u00e3o pode ser combinada com informa\u00e7\u00f5es pessoais. Informa\u00e7\u00f5es detalhadas sobre isso e como retirar seu consentimento podem ser encontradas na pol\u00edtica de privacidade do site.",
    "widget_consent_button_text": "OK",
    "widget_settings_button_text": "Configura\u00e7\u00f5es",
    "control_panel_title": "Por favor, selecione as diretrizes a serem aprovadas",
    "control_panel_cancel_button_text": "Cancelar",
    "control_panel_save_button_text": "Salvar",
    "details_title": "Lista de cookies utilizados",
    "details_close_button_text": "Fechar",
    "cookie_vendor_text": "Editora",
    "cookie_description_text": "Descri\u00e7\u00e3o",
    "cookie_privacy_policy_url_text": "Link para a pol\u00edtica de privacidade",
    "cookie_lifetime_text": "Vital\u00edcio",
    "cookie_collected_data_info_text": "Que dados s\u00e3o recolhidos?",
    "cookie_purpose_of_data_collection_text": "Objetivo da coleta de dados",
    "cookie_legal_basis_text": "Base legal",
    "cookie_place_of_processing_text": "Local de transforma\u00e7\u00e3o",
    "imprint_text": "Impresso",
    "privacy_policy_text": "Pol\u00edtica de privacidade",
    "blocked_content_title": "Conte\u00fado externo bloqueado!",
    "blocked_content_text": "Neste ponto, o carregamento de um recurso de :dom\u00ednio foi impedido. N\u00e3o podemos dizer-lhe se e quais os cookies que poderiam ser definidos pela chamada. Se voc\u00ea ainda quiser recarregar o conte\u00fado, por favor aceite este fato com o seguinte bot\u00e3o.",
    "blocked_content_button_text": "Recarregar conte\u00fado externo",
    "purpose_name": {
      "41ba25c": "Tecnicamente necess\u00e1rio",
      "cdcbd7c": "Visores \/ An\u00fancios",
      "a717ff5": "An\u00e1lise",
      "7c19e32": "Personaliza\u00e7\u00e3o",
      "6cd2721": "Estat\u00edsticas",
      "15c61c3": "Diversos"
    },
    "enabled": false,
    "widget_decline_button_text": "Decl\u00ednio",
    "change_consent_label": "Emendar o consentimento"
  },
  "683c34d": {
    "name": "it_IT",
    "widget_title": "Utilizziamo cookie e altre tecnologie.",
    "widget_introduction": "Questo sito web utilizza cookie, web beacon, Javascript e tecnologie simili. Acconsento che le aziende e i terzi appartenenti a {FIRMA} possano creare profili utente pseudonimi per la personalizzazione del sito web, le ricerche di mercato e la pubblicit\u00e0. Sebbene le informazioni generate possano essere condivise con terzi, non possono essere combinate con informazioni personali. Informazioni dettagliate su questo e su come ritirare il consenso sono contenute nell'informativa sulla privacy del sito.",
    "widget_consent_button_text": "OK",
    "widget_settings_button_text": "Impostazioni",
    "control_panel_title": "Selezionare le linee guida da approvare",
    "control_panel_cancel_button_text": "Annulla",
    "control_panel_save_button_text": "Salva",
    "details_title": "Elenco dei cookie utilizzati",
    "details_close_button_text": "Chiudere",
    "cookie_vendor_text": "Editore",
    "cookie_description_text": "Descrizione",
    "cookie_privacy_policy_url_text": "Link all'informativa sulla privacy",
    "cookie_lifetime_text": "Lifetime",
    "cookie_collected_data_info_text": "Quali dati vengono raccolti?",
    "cookie_purpose_of_data_collection_text": "Scopo della raccolta dati",
    "cookie_legal_basis_text": "Base giuridica",
    "cookie_place_of_processing_text": "Luogo di lavorazione",
    "imprint_text": "Impronta",
    "privacy_policy_text": "Informativa sulla privacy",
    "blocked_content_title": "Contenuti esterni bloccati!",
    "blocked_content_text": "A questo punto \u00e8 stato impedito il caricamento di una risorsa da :domain. Non possiamo dirvi se e quali cookie potrebbero essere impostati dalla chiamata. Se volete comunque ricaricare il contenuto, accettate questo fatto con il seguente pulsante.",
    "blocked_content_button_text": "Ricaricare il contenuto esterno",
    "purpose_name": {
      "41ba25c": "Tecnicamente necessario",
      "cdcbd7c": "Display \/ Annunci",
      "a717ff5": "Analisi",
      "7c19e32": "Personalizzazione",
      "6cd2721": "Statistiche",
      "15c61c3": "Varie"
    },
    "enabled": false,
    "widget_decline_button_text": "Declino",
    "change_consent_label": "Modificare il consenso"
  },
  "30d0128": {
    "name": "nl_NL",
    "widget_title": "We maken gebruik van cookies en andere technologie\u00ebn.",
    "widget_introduction": "Deze website maakt gebruik van cookies, webbakens, Javascript en soortgelijke technologie\u00ebn. Ik ga ermee akkoord dat bedrijven en derden die behoren tot {FIRMA} pseudonieme gebruikersprofielen mogen aanmaken voor de personalisatie van de website, marktonderzoek en reclame. Hoewel de gegenereerde informatie met derden kan worden gedeeld, kan deze niet worden gecombineerd met persoonlijke informatie. Gedetailleerde informatie hierover en hoe u uw toestemming kunt intrekken, vindt u in het privacybeleid van de site.",
    "widget_consent_button_text": "OK",
    "widget_settings_button_text": "Instellingen",
    "control_panel_title": "Selecteer richtlijnen die moeten worden goedgekeurd",
    "control_panel_cancel_button_text": "Annuleer",
    "control_panel_save_button_text": "Bespaar",
    "details_title": "Lijst van gebruikte cookies",
    "details_close_button_text": "Sluit",
    "cookie_vendor_text": "Uitgeverij",
    "cookie_description_text": "Beschrijving",
    "cookie_privacy_policy_url_text": "Link naar privacybeleid",
    "cookie_lifetime_text": "Levenslang",
    "cookie_collected_data_info_text": "Welke gegevens worden verzameld?",
    "cookie_purpose_of_data_collection_text": "Doel van de gegevensverzameling",
    "cookie_legal_basis_text": "Juridische grondslag",
    "cookie_place_of_processing_text": "Plaats van verwerking",
    "imprint_text": "Afdruk",
    "privacy_policy_text": "Privacybeleid",
    "blocked_content_title": "Externe inhoud geblokkeerd!",
    "blocked_content_text": "Op dit punt werd het laden van een resource uit :domein voorkomen. We kunnen u niet vertellen of en welke cookies mogelijk worden geplaatst door het gesprek. Als u de inhoud nog steeds wilt herladen, accepteer dit dan met de volgende knop.",
    "blocked_content_button_text": "Externe inhoud herladen",
    "purpose_name": {
      "41ba25c": "Technisch noodzakelijk",
      "cdcbd7c": "Displays \/ Advertenties",
      "a717ff5": "Analyse",
      "7c19e32": "Personalisatie",
      "6cd2721": "Statistieken",
      "15c61c3": "Diversen"
    },
    "enabled": false,
    "widget_decline_button_text": "Afwijzen",
    "change_consent_label": "Wijzig toestemming"
  },
  "892d862": {
    "name": "pl_PL",
    "widget_title": "U\u017cywamy ciasteczek i innych technologii.",
    "widget_introduction": "Ta strona wykorzystuje pliki cookie, web beacons, Javascript i podobne technologie. Wyra\u017cam zgod\u0119, aby firmy i osoby trzecie nale\u017c\u0105ce do {FIRMA} mog\u0142y tworzy\u0107 pseudonimowe profile u\u017cytkownik\u00f3w w celu personalizacji strony internetowej, badania rynku i reklamy. Chocia\u017c wygenerowane informacje mog\u0105 by\u0107 udost\u0119pniane stronom trzecim, nie mog\u0105 by\u0107 one \u0142\u0105czone z danymi osobowymi. Szczeg\u00f3\u0142owe informacje na ten temat oraz spos\u00f3b wycofania zgody mo\u017cna znale\u017a\u0107 w polityce prywatno\u015bci strony.",
    "widget_consent_button_text": "OK",
    "widget_settings_button_text": "Ustawienia",
    "control_panel_title": "Prosz\u0119 wybra\u0107 wytyczne, kt\u00f3re maj\u0105 by\u0107 zatwierdzone",
    "control_panel_cancel_button_text": "Anuluj",
    "control_panel_save_button_text": "Zapisz",
    "details_title": "Wykaz u\u017cywanych ciasteczek",
    "details_close_button_text": "Close",
    "cookie_vendor_text": "Wydawca",
    "cookie_description_text": "Opis",
    "cookie_privacy_policy_url_text": "Link do polityki prywatno\u015bci",
    "cookie_lifetime_text": "\u017bycie",
    "cookie_collected_data_info_text": "Jakie dane s\u0105 zbierane?",
    "cookie_purpose_of_data_collection_text": "Cel gromadzenia danych",
    "cookie_legal_basis_text": "Podstawa prawna",
    "cookie_place_of_processing_text": "Miejsce przetwarzania",
    "imprint_text": "Drukuj",
    "privacy_policy_text": "Polityka prywatno\u015bci",
    "blocked_content_title": "Zawarto\u015b\u0107 zewn\u0119trzna zablokowana!",
    "blocked_content_text": "W tym momencie uniemo\u017cliwiono za\u0142adowanie zasobu z :domeny. Nie mo\u017cemy powiedzie\u0107, czy i jakie ciasteczka mog\u0142yby by\u0107 ustawione przez po\u0142\u0105czenie. Je\u015bli nadal chcesz prze\u0142adowa\u0107 zawarto\u015b\u0107, zaakceptuj ten fakt za pomoc\u0105 poni\u017cszego przycisku.",
    "blocked_content_button_text": "Prze\u0142adowanie zawarto\u015bci zewn\u0119trznej",
    "purpose_name": {
      "41ba25c": "Technicznie niezb\u0119dne",
      "cdcbd7c": "Wy\u015bwietlacze\/og\u0142oszenia",
      "a717ff5": "Analiza",
      "7c19e32": "Personalizacja",
      "6cd2721": "Statystyki",
      "15c61c3": "R\u00f3\u017cne"
    },
    "enabled": false,
    "widget_decline_button_text": "Upadek",
    "change_consent_label": "Zmieni\u0107 zgod\u0119"
  },
  "9ead604": {
    "name": "ru_RU",
    "widget_title": "\u041c\u044b \u0438\u0441\u043f\u043e\u043b\u044c\u0437\u0443\u0435\u043c \u043a\u0443\u043a\u0438 \u0438 \u0434\u0440\u0443\u0433\u0438\u0435 \u0442\u0435\u0445\u043d\u043e\u043b\u043e\u0433\u0438\u0438.",
    "widget_introduction": "\u042d\u0442\u043e\u0442 \u0441\u0430\u0439\u0442 \u0438\u0441\u043f\u043e\u043b\u044c\u0437\u0443\u0435\u0442 \u043a\u0443\u043a\u0438, \u0432\u0435\u0431-\u043c\u0430\u044f\u043a\u0438, Javascript \u0438 \u043f\u043e\u0434\u043e\u0431\u043d\u044b\u0435 \u0442\u0435\u0445\u043d\u043e\u043b\u043e\u0433\u0438\u0438. \u042f \u0441\u043e\u0433\u043b\u0430\u0441\u0435\u043d \u0441 \u0442\u0435\u043c, \u0447\u0442\u043e \u043a\u043e\u043c\u043f\u0430\u043d\u0438\u0438 \u0438 \u0442\u0440\u0435\u0442\u044c\u0438 \u043b\u0438\u0446\u0430, \u043f\u0440\u0438\u043d\u0430\u0434\u043b\u0435\u0436\u0430\u0449\u0438\u0435 \u043a {FIRMA}, \u043c\u043e\u0433\u0443\u0442 \u0441\u043e\u0437\u0434\u0430\u0432\u0430\u0442\u044c \u043f\u0441\u0435\u0432\u0434\u043e\u043d\u0438\u043c\u0438\u0447\u0435\u0441\u043a\u0438\u0435 \u043f\u0440\u043e\u0444\u0438\u043b\u0438 \u043f\u043e\u043b\u044c\u0437\u043e\u0432\u0430\u0442\u0435\u043b\u0435\u0439 \u0434\u043b\u044f \u043f\u0435\u0440\u0441\u043e\u043d\u0430\u043b\u0438\u0437\u0430\u0446\u0438\u0438 \u0441\u0430\u0439\u0442\u0430, \u043c\u0430\u0440\u043a\u0435\u0442\u0438\u043d\u0433\u043e\u0432\u044b\u0445 \u0438\u0441\u0441\u043b\u0435\u0434\u043e\u0432\u0430\u043d\u0438\u0439 \u0438 \u0440\u0435\u043a\u043b\u0430\u043c\u044b. \u041d\u0435\u0441\u043c\u043e\u0442\u0440\u044f \u043d\u0430 \u0442\u043e, \u0447\u0442\u043e \u043f\u043e\u043b\u0443\u0447\u0435\u043d\u043d\u0430\u044f \u0438\u043d\u0444\u043e\u0440\u043c\u0430\u0446\u0438\u044f \u043c\u043e\u0436\u0435\u0442 \u0431\u044b\u0442\u044c \u043f\u0435\u0440\u0435\u0434\u0430\u043d\u0430 \u0442\u0440\u0435\u0442\u044c\u0438\u043c \u043b\u0438\u0446\u0430\u043c, \u043e\u043d\u0430 \u043d\u0435 \u043c\u043e\u0436\u0435\u0442 \u0431\u044b\u0442\u044c \u043e\u0431\u044a\u0435\u0434\u0438\u043d\u0435\u043d\u0430 \u0441 \u043b\u0438\u0447\u043d\u043e\u0439 \u0438\u043d\u0444\u043e\u0440\u043c\u0430\u0446\u0438\u0435\u0439. \u041f\u043e\u0434\u0440\u043e\u0431\u043d\u0443\u044e \u0438\u043d\u0444\u043e\u0440\u043c\u0430\u0446\u0438\u044e \u043e\u0431 \u044d\u0442\u043e\u043c \u0438 \u043e \u0442\u043e\u043c, \u043a\u0430\u043a \u043e\u0442\u043e\u0437\u0432\u0430\u0442\u044c \u0441\u0432\u043e\u0435 \u0441\u043e\u0433\u043b\u0430\u0441\u0438\u0435, \u043c\u043e\u0436\u043d\u043e \u043d\u0430\u0439\u0442\u0438 \u0432 \u043f\u043e\u043b\u0438\u0442\u0438\u043a\u0435 \u043a\u043e\u043d\u0444\u0438\u0434\u0435\u043d\u0446\u0438\u0430\u043b\u044c\u043d\u043e\u0441\u0442\u0438 \u0441\u0430\u0439\u0442\u0430.",
    "widget_consent_button_text": "OK",
    "widget_settings_button_text": "\u041d\u0430\u0441\u0442\u0440\u043e\u0439\u043a\u0438",
    "control_panel_title": "\u041f\u043e\u0436\u0430\u043b\u0443\u0439\u0441\u0442\u0430, \u0432\u044b\u0431\u0435\u0440\u0438\u0442\u0435 \u0440\u0443\u043a\u043e\u0432\u043e\u0434\u044f\u0449\u0438\u0435 \u043f\u0440\u0438\u043d\u0446\u0438\u043f\u044b \u0434\u043b\u044f \u0443\u0442\u0432\u0435\u0440\u0436\u0434\u0435\u043d\u0438\u044f",
    "control_panel_cancel_button_text": "\u041e\u0442\u043c\u0435\u043d\u0438\u0442\u044c",
    "control_panel_save_button_text": "\u0421\u043e\u0445\u0440\u0430\u043d\u0438\u0442\u044c",
    "details_title": "\u0421\u043f\u0438\u0441\u043e\u043a \u0438\u0441\u043f\u043e\u043b\u044c\u0437\u0443\u0435\u043c\u044b\u0445 cookie-\u0444\u0430\u0439\u043b\u043e\u0432",
    "details_close_button_text": "\u0417\u0430\u043a\u0440\u044b\u0442\u044c",
    "cookie_vendor_text": "\u0418\u0437\u0434\u0430\u0442\u0435\u043b\u044c",
    "cookie_description_text": "\u041e\u043f\u0438\u0441\u0430\u043d\u0438\u0435",
    "cookie_privacy_policy_url_text": "\u0421\u0441\u044b\u043b\u043a\u0430 \u043d\u0430 \u043f\u043e\u043b\u0438\u0442\u0438\u043a\u0443 \u043a\u043e\u043d\u0444\u0438\u0434\u0435\u043d\u0446\u0438\u0430\u043b\u044c\u043d\u043e\u0441\u0442\u0438",
    "cookie_lifetime_text": "Lifetime",
    "cookie_collected_data_info_text": "\u041a\u0430\u043a\u0438\u0435 \u0434\u0430\u043d\u043d\u044b\u0435 \u0441\u043e\u0431\u0438\u0440\u0430\u044e\u0442\u0441\u044f?",
    "cookie_purpose_of_data_collection_text": "\u0426\u0435\u043b\u044c \u0441\u0431\u043e\u0440\u0430 \u0434\u0430\u043d\u043d\u044b\u0445",
    "cookie_legal_basis_text": "\u041f\u0440\u0430\u0432\u043e\u0432\u0430\u044f \u043e\u0441\u043d\u043e\u0432\u0430",
    "cookie_place_of_processing_text": "\u043c\u0435\u0441\u0442\u043e \u043e\u0431\u0440\u0430\u0431\u043e\u0442\u043a\u0438",
    "imprint_text": "\u0412\u044b\u0432\u043e\u0434",
    "privacy_policy_text": "\u041f\u043e\u043b\u0438\u0442\u0438\u043a\u0430 \u043a\u043e\u043d\u0444\u0438\u0434\u0435\u043d\u0446\u0438\u0430\u043b\u044c\u043d\u043e\u0441\u0442\u0438",
    "blocked_content_title": "\u0412\u043d\u0435\u0448\u043d\u0438\u0439 \u043a\u043e\u043d\u0442\u0435\u043d\u0442 \u0437\u0430\u0431\u043b\u043e\u043a\u0438\u0440\u043e\u0432\u0430\u043d!",
    "blocked_content_text": "\u0412 \u044d\u0442\u043e\u0442 \u043c\u043e\u043c\u0435\u043d\u0442 \u0437\u0430\u0433\u0440\u0443\u0437\u043a\u0430 \u0440\u0435\u0441\u0443\u0440\u0441\u0430 \u0438\u0437 :\u0434\u043e\u043c\u0435\u043d\u0430 \u0431\u044b\u043b\u0430 \u043f\u0440\u0435\u0434\u043e\u0442\u0432\u0440\u0430\u0449\u0435\u043d\u0430. \u041c\u044b \u043d\u0435 \u043c\u043e\u0436\u0435\u043c \u0441\u043a\u0430\u0437\u0430\u0442\u044c \u0432\u0430\u043c, \u0431\u0443\u0434\u0443\u0442 \u043b\u0438 \u0438 \u043a\u0430\u043a\u0438\u0435 cookie-\u0444\u0430\u0439\u043b\u044b \u0443\u0441\u0442\u0430\u043d\u043e\u0432\u043b\u0435\u043d\u044b \u0437\u0432\u043e\u043d\u043a\u043e\u043c. \u0415\u0441\u043b\u0438 \u0432\u044b \u0432\u0441\u0435 \u0435\u0449\u0435 \u0445\u043e\u0442\u0438\u0442\u0435 \u043f\u0435\u0440\u0435\u0437\u0430\u0433\u0440\u0443\u0437\u0438\u0442\u044c \u043a\u043e\u043d\u0442\u0435\u043d\u0442, \u043f\u043e\u0436\u0430\u043b\u0443\u0439\u0441\u0442\u0430, \u043f\u0440\u0438\u043c\u0438\u0442\u0435 \u044d\u0442\u043e\u0442 \u0444\u0430\u043a\u0442 \u0441 \u043f\u043e\u043c\u043e\u0449\u044c\u044e \u0441\u043b\u0435\u0434\u0443\u044e\u0449\u0435\u0439 \u043a\u043d\u043e\u043f\u043a\u0438.",
    "blocked_content_button_text": "\u041f\u0435\u0440\u0435\u0437\u0430\u0433\u0440\u0443\u0437\u0438\u0442\u044c \u0432\u043d\u0435\u0448\u043d\u0435\u0435 \u0441\u043e\u0434\u0435\u0440\u0436\u0438\u043c\u043e\u0435",
    "purpose_name": {
      "41ba25c": "\u0422\u0435\u0445\u043d\u0438\u0447\u0435\u0441\u043a\u0438 \u043d\u0435\u043e\u0431\u0445\u043e\u0434\u0438\u043c\u044b\u0439",
      "cdcbd7c": "\u041e\u0442\u043e\u0431\u0440\u0430\u0436\u0435\u043d\u0438\u044f \/ \u041e\u0431\u044a\u044f\u0432\u043b\u0435\u043d\u0438\u044f",
      "a717ff5": "\u0410\u043d\u0430\u043b\u0438\u0437",
      "7c19e32": "\u041f\u0435\u0440\u0441\u043e\u043d\u0430\u043b\u0438\u0437\u0430\u0446\u0438\u044f",
      "6cd2721": "\u0421\u0442\u0430\u0442\u0438\u0441\u0442\u0438\u043a\u0430",
      "15c61c3": "\u0420\u0430\u0437\u043d\u043e\u0435"
    },
    "enabled": false,
    "widget_decline_button_text": "\u0441\u043d\u0438\u0436\u0435\u043d\u0438\u0435",
    "change_consent_label": "\u0412\u043d\u0435\u0441\u0442\u0438 \u043f\u043e\u043f\u0440\u0430\u0432\u043a\u0438 \u0432 \u0441\u043e\u0433\u043b\u0430\u0448\u0435\u043d\u0438\u0435"
  }
}
