{"20b7487":{"localeId":"3a719b1","imprint":"<p>Impressum<\/p>","privacyPolicy":"<p>Datenschutz<\/p>"},"3e93293":{"localeId":"68245d1","imprint":"<p>Imprint<\/p>","privacyPolicy":"<p>Data protection<\/p>"},"305e28c":{"localeId":"fbc978f","imprint":"<p>Mentions l\u00e9gales<\/p>","privacyPolicy":"<p>Protection des donn\u00e9es<\/p>"},"48c930f":{"localeId":"c18db1e","imprint":"<p>Pie de imprenta<\/p>","privacyPolicy":"<p>Protecci\u00f3n de datos<\/p>"},"922db02":{"localeId":"4b58302","imprint":"<p>Impresso<\/p>","privacyPolicy":"<p>Prote\u00e7\u00e3o de dados<\/p>"},"7ac5230":{"localeId":"683c34d","imprint":"<p>Impronta<\/p>","privacyPolicy":"<p>Protezione dei dati<\/p>"},"20ebbbc":{"localeId":"30d0128","imprint":"<p>Afdruk<\/p>","privacyPolicy":"<p>Gegevensbescherming<\/p>"},"5ccbad1":{"localeId":"892d862","imprint":"<p>Drukuj<\/p>","privacyPolicy":"<p>Ochrona danych<\/p>"},"4274411":{"localeId":"9ead604","imprint":"<p>\u0412\u044b\u0432\u043e\u0434<\/p>","privacyPolicy":"<p>\u0417\u0430\u0449\u0438\u0442\u0430 \u0434\u0430\u043d\u043d\u044b\u0445<\/p>"}}
