{
  "c6557a2": {
    "name": "ccm19_light",
    "position": "center",
    "blocking": true,
    "complyingDoNotTrack": false,
    "cookieLifetime": 365,
    "logoFilename": "",
    "logoDisplayed": false,
    "okButtonBackgroundColor": "#5fb376",
    "moreInfoButtonBackgroundColor": "#f7f5f5",
    "windowBackgroundColor": "#ffffff",
    "windowBorderColor": "#363636",
    "linkInInfotextColor": "#2d7a30",
    "okButtonColor": "#ffffff",
    "moreInfoButtonColor": "#9c9c9c",
    "okButtonBorderColor": "#62b061",
    "moreInfoButtonBorderColor": "#ffffff",
    "infotextColor": "#787878",
    "infotextFontFamily": "",
    "infotextFontSize": "",
    "customCss": ".ccm-link-container a {\r\ncolor:#fff !important;\r\n}",
    "isDefault": true,
    "whitelabel": false,
    "onlyInEu": false,
    "showPurposesInMainWindow": false,
    "showAcceptAllButtonInControlPanel": false,
    "settingsIconEnabled": true,
    "settingsIconTarget": "purpose",
    "showDeclineButton": true,
    "selectType": "switch",
    "declineButtonBackgroundColor": "#f7f5f5",
    "declineButtonBorderColor": "#ffffff",
    "declineButtonTextColor": "#9c9c9c",
    "manipulationPrevention": true
  },
  "5af884c": {
    "name": "ccm19_dark",
    "position": "center",
    "blocking": true,
    "complyingDoNotTrack": true,
    "cookieLifetime": 365,
    "logoFilename": "",
    "logoDisplayed": false,
    "okButtonBackgroundColor": "#182029",
    "moreInfoButtonBackgroundColor": "#6b6b6b",
    "windowBackgroundColor": "#181824",
    "windowBorderColor": "#666666",
    "linkInInfotextColor": "#33c92d",
    "okButtonColor": "#f2f2f2",
    "moreInfoButtonColor": "#e6e6e6",
    "okButtonBorderColor": "#c4c4c4",
    "moreInfoButtonBorderColor": "#c2bcbc",
    "infotextColor": "#dddddd",
    "infotextFontFamily": "",
    "infotextFontSize": "",
    "customCss": ".ccm-root button {\r\nborder:1px solid #c2bcbc;\r\n}\r\n.ccm-control-panel--purpose > input[type=\"checkbox\"] + label\r\n{\r\ncolor:#ccc;\r\n}\r\n.ccm-modal--footer {\r\nbackground-color:#26282f;\r\n}",
    "whitelabel": false,
    "onlyInEu": false,
    "isDefault": false
  }
}
