{
"aa": { "name": "Afaraf", "name_de": "Afar", "name_en": "Afar", "code": "aa" },
"ab": { "name": "аҧсуа бызшәа", "name_de": "Abchasisch", "name_en": "Abkhazian", "code": "ab" },
"ae": { "name": "avesta", "name_de": "Avestisch", "name_en": "Avestan", "code": "ae" },
"af": { "name": "Afrikaans", "name_de": "Afrikaans", "name_en": "Afrikaans", "code": "af" },
"ak": { "name": "Akan", "name_de": "Akan", "name_en": "Akan", "code": "ak" },
"am": { "name": "አማርኛ", "name_de": "Amharisch", "name_en": "Amharic", "code": "am" },
"an": { "name": "aragonés", "name_de": "Aragonesisch", "name_en": "Aragonese", "code": "an" },
"ar": { "name": "العربية", "name_de": "Arabisch", "name_en": "Arabic", "code": "ar" },
"as": { "name": "অসমীয়া", "name_de": "Assamesisch", "name_en": "Assamese", "code": "as" },
"av": { "name": "авар мацӀ", "name_de": "Avarisch", "name_en": "Avaric", "code": "av" },
"ay": { "name": "aymar aru", "name_de": "Aymara", "name_en": "Aymara", "code": "ay" },
"az": { "name": "azərbaycan dili", "name_de": "Aserbaidschanisch", "name_en": "Azerbaijani", "code": "az" },
"ba": { "name": "башҡорт теле", "name_de": "Baschkirisch", "name_en": "Bashkir", "code": "ba" },
"be": { "name": "беларуская мова", "name_de": "Weißrussisch", "name_en": "Belarusian", "code": "be" },
"bg": { "name": "български език", "name_de": "Bulgarisch", "name_en": "Bulgarian", "code": "bg" },
"bi": { "name": "Bislama", "name_de": "Bislama", "name_en": "Bislama", "code": "bi" },
"bm": { "name": "bamanankan", "name_de": "Bambara", "name_en": "Bambara", "code": "bm" },
"bn": { "name": "বাংলা", "name_de": "Bengalisch", "name_en": "Bengali", "code": "bn" },
"bo": { "name": "བོད་ཡིག", "name_de": "Tibetisch", "name_en": "Tibetan", "code": "bo" },
"br": { "name": "brezhoneg", "name_de": "Bretonisch", "name_en": "Breton", "code": "br" },
"bs": { "name": "bosanski jezik", "name_de": "Bosnisch", "name_en": "Bosnian", "code": "bs" },
"ca": { "name": "català", "name_de": "Katalanisch", "name_en": "Catalan", "code": "ca" },
"ce": { "name": "нохчийн мотт", "name_de": "Tschetschenisch", "name_en": "Chechen", "code": "ce" },
"ch": { "name": "Chamoru", "name_de": "Chamorro", "name_en": "Chamorro", "code": "ch" },
"co": { "name": "corsu", "name_de": "Korsisch", "name_en": "Corsican", "code": "co" },
"cr": { "name": "ᓀᐦᐃᔭᐍᐏᐣ", "name_de": "Cree", "name_en": "Cree", "code": "cr" },
"cs": { "name": "čeština", "name_de": "Tschechisch", "name_en": "Czech", "code": "cs" },
"csb": { "name": "kaszëbsczi jãzëk", "name_de": "Kaschubisch", "name_en": "Kashubian", "code": "csb" },
"cv": { "name": "чӑваш чӗлхи", "name_de": "Tschuwaschisch", "name_en": "Chuvash", "code": "cv" },
"cy": { "name": "Cymraeg", "name_de": "Walisisch", "name_en": "Welsh", "code": "cy" },
"da": { "name": "dansk", "name_de": "Dänisch", "name_en": "Danish", "code": "da" },
"de_AT": { "name": "Deutsch (Österreich)", "name_de": "Deutsch (Österreich)", "name_en": "German (Austria)", "code": "de_AT" },
"de_BE": { "name": "Deutsch (Belgien)", "name_de": "Deutsch (Belgien)", "name_en": "German (Belgium)", "code": "de_BE" },
"de_CH": { "name": "Deutsch (Schweiz)", "name_de": "Deutsch (Schweiz)", "name_en": "German (Switzerland)", "code": "de_CH" },
"de_DE": { "name": "Deutsch (Deutschland)", "name_de": "Deutsch (Deutschland)", "name_en": "German (Germany)", "code": "de_DE" },
"dv": { "name": "ދިވެހި", "name_de": "Dhivehi", "name_en": "Divehi", "code": "dv" },
"dz": { "name": "རྫོང་ཁ", "name_de": "Dzongkha", "name_en": "Dzongkha", "code": "dz" },
"ee": { "name": "Eʋegbe", "name_de": "Ewe", "name_en": "Ewe", "code": "ee" },
"el": { "name": "ελληνικά", "name_de": "Griechisch", "name_en": "Greek", "code": "el_GR" },
"en_AU": { "name": "English (Australian)", "name_de": "Englisch (Australisch)", "name_en": "English (Australian)", "code": "en_AU" },
"en_GB": { "name": "English (British)", "name_de": "Englisch (Britisch)", "name_en": "English (British)", "code": "en_GB" },
"en_US": { "name": "English (USA)", "name_de": "Englisch (USA)", "name_en": "English (USA)", "code": "en_US" },
"eo": { "name": "Esperanto", "name_de": "Esperanto", "name_en": "Esperanto", "code": "eo" },
"es_ES": { "name": "Español", "name_de": "Spanisch", "name_en": "Spanish", "code": "es_ES" },
"et": { "name": "eesti", "name_de": "Estnisch", "name_en": "Estonian", "code": "et" },
"eu": { "name": "euskara", "name_de": "Baskisch", "name_en": "Basque", "code": "eu" },
"fa": { "name": "فارسی", "name_de": "Persisch", "name_en": "Persian", "code": "fa" },
"ff": { "name": "Fulfulde", "name_de": "Fulfulde", "name_en": "Fulah", "code": "ff" },
"fi": { "name": "suomi", "name_de": "Finnisch", "name_en": "Finnish", "code": "fi" },
"fj": { "name": "vosa Vakaviti", "name_de": "Fidschi", "name_en": "Fijian", "code": "fj" },
"fo": { "name": "føroyskt", "name_de": "Färöisch", "name_en": "Faroese", "code": "fo" },
"fr": { "name": "français (Canada)", "name_de": "Französisch (Kanada)", "name_en": "Canadian French", "code": "fr-CA" },
"fr_FR": { "name": "français", "name_de": "Französisch", "name_en": "French", "code": "fr-FR" },
"frp": { "name": "arpitan", "name_de": "Arpitanisch", "name_en": "arpitan", "code": "frp" },
"fur": { "name": "furlan", "name_de": "Furlanisch", "name_en": "Friulian", "code": "fur" },
"fy": { "name": "Frysk", "name_de": "Westfriesisch", "name_en": "Western Frisian", "code": "fy" },
"ga": { "name": "Gaeilge", "name_de": "Irisch", "name_en": "Irish", "code": "ga" },
"gd": { "name": "Gàidhlig", "name_de": "Schottisch-gälisch", "name_en": "Gaelic", "code": "gd" },
"gl": { "name": "Galego", "name_de": "Galicisch", "name_en": "Galician", "code": "gl" },
"gn": { "name": "Avañe'ẽ", "name_de": "Guaraní", "name_en": "Guarani", "code": "gn" },
"gu": { "name": "ગુજરાતી", "name_de": "Gujarati", "name_en": "Gujarati", "code": "gu" },
"gv": { "name": "Gailck", "name_de": "Manx-Gälisch", "name_en": "Manx", "code": "gv" },
"ha": { "name": "هَوُسَ", "name_de": "Hausa", "name_en": "Hausa", "code": "ha" },
"he": { "name": "עברית", "name_de": "Hebräisch", "name_en": "Hebrew", "code": "he" },
"hi": { "name": "हिन्दी", "name_de": "Hindi", "name_en": "Hindi", "code": "hi" },
"ho": { "name": "Hiri Motu", "name_de": "Hiri Motu", "name_en": "Hiri Motu", "code": "ho" },
"hr": { "name": "hrvatski jezik", "name_de": "Kroatisch", "name_en": "Croatian", "code": "hr" },
"ht": { "name": "Kreyòl ayisyen", "name_de": "Haitianisch", "name_en": "Haitian", "code": "ht" },
"hu": { "name": "magyar", "name_de": "Ungarisch", "name_en": "Hungarian", "code": "hu" },
"hy": { "name": "Հայերեն", "name_de": "Armenisch", "name_en": "Armenian", "code": "hy" },
"hz": { "name": "Otjiherero", "name_de": "Otjiherero", "name_en": "Herero", "code": "hz" },
"ia": { "name": "Interlingua", "name_de": "Interlingua", "name_en": "Interlingua", "code": "ia" },
"id": { "name": "Bahasa Indonesia", "name_de": "Indonesisch", "name_en": "Indonesian", "code": "id" },
"ie": { "name": "Interlingue", "name_de": "Interlingue (Occidental)", "name_en": "Interlingue (Occidental)", "code": "ie" },
"ig": { "name": "Asụsụ Igbo", "name_de": "Igbo", "name_en": "Igbo", "code": "ig" },
"ii": { "name": "Nuosuhxop", "name_de": "Yi", "name_en": "Sichuan Yi", "code": "ii" },
"ik": { "name": "Iñupiaq", "name_de": "Inupiaq", "name_en": "Inupiaq", "code": "ik" },
"io": { "name": "Ido", "name_de": "Ido", "name_en": "Ido", "code": "io" },
"is": { "name": "Íslenska", "name_de": "Isländisch", "name_en": "Icelandic", "code": "is" },
"it_IT": { "name": "Italiano", "name_de": "Italienisch", "name_en": "Italian", "code": "it_IT" },
"iu": { "name": "ᐃᓄᒃᑎᑐᑦ", "name_de": "Inuktitut", "name_en": "Inuktitut", "code": "iu" },
"ja": { "name": "日本語", "name_de": "Japanisch", "name_en": "Japanese", "code": "ja" },
"jv": { "name": "Basa Jawa", "name_de": "Javanisch", "name_en": "Javanese", "code": "jv" },
"ka": { "name": "ქართული", "name_de": "Georgisch", "name_en": "Georgian", "code": "ka" },
"kg": { "name": "Kikongo", "name_de": "Kikongo", "name_en": "Kongo", "code": "kg" },
"ki": { "name": "Gĩkũyũ", "name_de": "Kikuyu", "name_en": "Kikuyu", "code": "ki" },
"kj": { "name": "Kuanyama", "name_de": "oshiKwanyama", "name_en": "Kuanyama", "code": "kj" },
"kk": { "name": "қазақ тілі", "name_de": "Kasachisch", "name_en": "Kazakh", "code": "kk" },
"kl": { "name": "kalaallisut", "name_de": "Grönländisch", "name_en": "Greenlandic", "code": "kl" },
"km": { "name": "ខ្មែរ", "name_de": "Khmer", "name_en": "Central Khmer", "code": "km" },
"kn": { "name": "ಕನ್ನಡ", "name_de": "Kannada", "name_en": "Kannada", "code": "kn" },
"ko": { "name": "한국어", "name_de": "Koreanisch", "name_en": "Korean", "code": "ko" },
"kr": { "name": "Kanuri", "name_de": "Kanuri", "name_en": "Kanuri", "code": "kr" },
"ks": { "name": "कश्मीरी", "name_de": "Kashmiri", "name_en": "Kashmiri", "code": "ks" },
"ksh": { "name": "Kölsch", "name_de": "Kölsch", "name_en": "Colognian", "code": "ksh" },
"ku": { "name": "Kurdî", "name_de": "Kurdisch", "name_en": "Kurdish", "code": "ku" },
"kv": { "name": "коми кыв", "name_de": "Komi", "name_en": "Komi", "code": "kv" },
"kw": { "name": "Kernewek", "name_de": "Kornisch", "name_en": "Cornish", "code": "kw" },
"ky": { "name": "Кыргызча", "name_de": "Kirgisisch", "name_en": "Kirghiz", "code": "ky" },
"la": { "name": "latine", "name_de": "Latein", "name_en": "Latin", "code": "la" },
"lad": { "name": "Djudeo-Espanyol", "name_de": "Judäo-Spanisch", "name_en": "Judeo-Spanish", "code": "lad" },
"lb": { "name": "Lëtzebuergesch", "name_de": "Luxemburgisch", "name_en": "Luxembourgish", "code": "lb" },
"lg": { "name": "Luganda", "name_de": "Luganda", "name_en": "Ganda", "code": "lg" },
"li": { "name": "Limburgs", "name_de": "Limburgisch", "name_en": "Limburgish", "code": "li" },
"lij": { "name": "ligure", "name_de": "Ligursch", "name_en": "Ligurian", "code": "lij" },
"lld": { "name": "Ladin", "name_de": "Ladinisch", "name_en": "Ladin", "code": "lld" },
"ln": { "name": "Lingála", "name_de": "Lingála", "name_en": "Lingala", "code": "ln" },
"lo": { "name": "ພາສາລາວ", "name_de": "Laotisch", "name_en": "Lao", "code": "lo" },
"lt": { "name": "lietuvių kalba", "name_de": "Litauisch", "name_en": "Lithuanian", "code": "lt" },
"lu": { "name": "Kiluba", "name_de": "Kiluba", "name_en": "Luba-Katanga", "code": "lu" },
"lv": { "name": "latviešu valoda", "name_de": "Lettisch", "name_en": "Latvian", "code": "lv" },
"mg": { "name": "fiteny malagasy", "name_de": "Malagassi", "name_en": "Malagasy", "code": "mg" },
"mh": { "name": "Kajin M̧ajeļ", "name_de": "Marshallesisch", "name_en": "Marshallese", "code": "mh" },
"mi": { "name": "te reo Māori", "name_de": "Maori", "name_en": "Maori", "code": "mi" },
"mk": { "name": "македонски јазик", "name_de": "Mazedonisch", "name_en": "Macedonian", "code": "mk" },
"ml": { "name": "മലയാളം", "name_de": "Malayalam", "name_en": "Malayalam", "code": "ml" },
"mn": { "name": "Монгол хэл", "name_de": "Mongolisch", "name_en": "Mongolian", "code": "mn" },
"mr": { "name": "मराठी", "name_de": "Marathi", "name_en": "Marathi", "code": "mr" },
"ms": { "name": "Bahasa Melayu", "name_de": "Malaiisch", "name_en": "Malay", "code": "ms" },
"mt": { "name": "Malti", "name_de": "Maltesisch", "name_en": "Maltese", "code": "mt" },
"my": { "name": "ဗမာစာ", "name_de": "Birmanisch", "name_en": "Burmese", "code": "my" },
"na": { "name": "Dorerin Naoero", "name_de": "Nauruisch", "name_en": "Nauru", "code": "na" },
"nb": { "name": "Norsk Bokmål", "name_de": "Bokmål", "name_en": "Norwegian Bokmål", "code": "nb" },
"nd": { "name": "isiNdebele", "name_de": "Nord-Ndebele", "name_en": "North Ndebele", "code": "nd" },
"nds": { "name": "Plattdüütsch", "name_de": "Plattdeutsch", "name_en": "Low Saxon", "code": "nds" },
"ne": { "name": "नेपाली", "name_de": "Nepali", "name_en": "Nepali", "code": "ne" },
"ng": { "name": "Owambo", "name_de": "Ndonga", "name_en": "Ndonga", "code": "ng" },
"nl_BE": { "name": "Vlaams", "name_de": "Flämisch", "name_en": "Flemish", "code": "nl_BE" },
"nl_NL": { "name": "Nederlands", "name_de": "Niederländisch", "name_en": "Dutch", "code": "nl_NL" },
"nn": { "name": "Norsk Nynorsk", "name_de": "Nynorsk", "name_en": "Norwegian Nynorsk", "code": "nn" },
"no": { "name": "Norsk", "name_de": "Norwegisch", "name_en": "Norwegian", "code": "no" },
"nr": { "name": "isiNdebele", "name_de": "Süd-Ndebele", "name_en": "South Ndebele", "code": "nr" },
"nv": { "name": "Diné bizaad", "name_de": "Navajo", "name_en": "Navajo", "code": "nv" },
"ny": { "name": "chiCheŵa", "name_de": "Chichewa", "name_en": "Chichewa", "code": "ny" },
"oc": { "name": "lenga d'òc", "name_de": "Okzitanisch", "name_en": "Occitan", "code": "oc" },
"oj": { "name": "ᐊᓂᔑᓈᐯᒧᐎᓐ", "name_de": "Ojibwe", "name_en": "Ojibwa", "code": "oj" },
"om": { "name": "Afaan Oromoo", "name_de": "Oromo", "name_en": "Oromo", "code": "om" },
"or": { "name": "ଓଡ଼ିଆ", "name_de": "Oriya", "name_en": "Oriya", "code": "or" },
"os": { "name": "ирон æвзаг", "name_de": "Ossetisch", "name_en": "Ossetian", "code": "os" },
"ovd": { "name": "Älvdalska", "name_de": "Älvdalisch", "name_en": "Elfdalian", "code": "ovd" },
"pa": { "name": "ਪੰਜਾਬੀ", "name_de": "Panjabi", "name_en": "Panjabi", "code": "pa" },
"pi": { "name": "पालि", "name_de": "Pali", "name_en": "Pali", "code": "pi" },
"pl_PL": { "name": "język polski", "name_de": "Polnisch", "name_en": "Polish", "code": "pl" },
"pnt": { "name": "Ποντιακά Pontiaka", "name_de": "Pontisch", "name_en": "Pontic", "code": "pnt" },
"ps": { "name": "پښتو", "name_de": "Paschtunisch", "name_en": "Pashto", "code": "ps" },
"pt_pt": { "name": "Português", "name_de": "Portugiesisch", "name_en": "Portuguese", "code": "pt" },
"qu": { "name": "Runa Simi", "name_de": "Quechua", "name_en": "Quechua", "code": "qu" },
"rm": { "name": "Rumantsch", "name_de": "Romanisch", "name_en": "Romansh", "code": "rm" },
"rn": { "name": "Ikirundi", "name_de": "Kirundi", "name_en": "Rundi", "code": "rn" },
"ro": { "name": "Română", "name_de": "Rumänisch", "name_en": "Romanian", "code": "ro" },
"rom": { "name": "Romani", "name_de": "Romanes", "name_en": "Romani", "code": "rom" },
"ru_RU": { "name": "русский", "name_de": "Russisch", "name_en": "Russian", "code": "ru" },
"rw": { "name": "Ikinyarwanda", "name_de": "Ruandisch", "name_en": "Kinyarwanda", "code": "rw" },
"sa": { "name": "संस्कृतम्", "name_de": "Sanskrit", "name_en": "Sanskrit", "code": "sa" },
"sc": { "name": "sardu", "name_de": "Sardisch", "name_en": "Sardinian", "code": "sc" },
"scn": { "name": "Sicilianu", "name_de": "Sizilianisch", "name_en": "Sicilian", "code": "scn" },
"sco": { "name": "Scots", "name_de": "Tiefland-Schottisch", "name_en": "Scots", "code": "sco" },
"sd": { "name": "सिन्धी", "name_de": "Sindhi", "name_en": "Sindhi", "code": "sd" },
"se": { "name": "Davvisámegiella", "name_de": "Nordsamisch", "name_en": "Northern Sami", "code": "se" },
"sg": { "name": "yângâ tî sängö", "name_de": "Sango", "name_en": "Sango", "code": "sg" },
"si": { "name": "සිංහල", "name_de": "Singhalesisch", "name_en": "Sinhalese", "code": "si" },
"sjn": { "name": "Sindarin", "name_de": "Sindarin", "name_en": "Sindarin", "code": "sjn" },
"sk": { "name": "Slovenčina", "name_de": "Slowakisch", "name_en": "Slovak", "code": "sk" },
"sl": { "name": "Slovenski Jezik", "name_de": "Slowenisch", "name_en": "Slovenian", "code": "sl" },
"sm": { "name": "gagana fa'a Samoa", "name_de": "Samoanisch", "name_en": "Samoan", "code": "sm" },
"sn": { "name": "chiShona", "name_de": "Shona", "name_en": "Shona", "code": "sn" },
"so": { "name": "Soomaaliga", "name_de": "Somali", "name_en": "Somali", "code": "so" },
"sq": { "name": "Shqip", "name_de": "Albanisch", "name_en": "Albanian", "code": "sq-AL" },
"sr": { "name": "српски језик", "name_de": "Serbisch", "name_en": "Serbian", "code": "sr" },
"ss": { "name": "SiSwati", "name_de": "Siswati", "name_en": "Swati", "code": "ss" },
"st": { "name": "Sesotho", "name_de": "Sesotho", "name_en": "Southern Sotho", "code": "st" },
"su": { "name": "Basa Sunda", "name_de": "Sundanesisch", "name_en": "Sundanese", "code": "su" },
"sv": { "name": "Svenska", "name_de": "Schwedisch", "name_en": "Swedish", "code": "sv" },
"sw": { "name": "Kiswahili", "name_de": "Swahili", "name_en": "Swahili", "code": "sw" },
"ta": { "name": "தமிழ்", "name_de": "Tamil", "name_en": "Tamil", "code": "ta" },
"te": { "name": "తెలుగు", "name_de": "Telugu", "name_en": "Telugu", "code": "te" },
"tg": { "name": "toçikī", "name_de": "Tadschikisch", "name_en": "Tajik", "code": "tg" },
"th": { "name": "ไทย", "name_de": "Thai", "name_en": "Thai", "code": "th" },
"ti": { "name": "ትግርኛ", "name_de": "Tigrinya", "name_en": "Tigrinya", "code": "ti" },
"tk": { "name": "Türkmen", "name_de": "Turkmenisch", "name_en": "Turkmen", "code": "tk" },
"tl": { "name": "Wikang Tagalog", "name_de": "Tagalog", "name_en": "Tagalog", "code": "tl" },
"tlh": { "name": "tlhIngan-Hol", "name_de": "Klingonisch", "name_en": "Klingon", "code": "tlh" },
"tn": { "name": "Setswana", "name_de": "Setswana", "name_en": "Tswana", "code": "tn" },
"to": { "name": "Faka Tonga", "name_de": "Tongaisch", "name_en": "Tonga", "code": "to" },
"tr_TR": { "name": "Türkçe", "name_de": "Türkisch", "name_en": "Turkish", "code": "tr_TR" },
"ts": { "name": "Xitsonga", "name_de": "Xitsonga", "name_en": "Tsonga", "code": "ts" },
"tt": { "name": "tatar tele", "name_de": "Tatarisch", "name_en": "Tatar", "code": "tt" },
"tw": { "name": "Twi", "name_de": "Twi", "name_en": "Twi", "code": "tw" },
"ty": { "name": "Reo Tahiti", "name_de": "Tahitianisch", "name_en": "Tahitian", "code": "ty" },
"ug": { "name": "Uyghurche", "name_de": "Uigurisch", "name_en": "Uighur", "code": "ug" },
"uk": { "name": "Українська", "name_de": "Ukrainisch", "name_en": "Ukrainian", "code": "uk" },
"ur": { "name": "اردو", "name_de": "Urdu", "name_en": "Urdu", "code": "ur" },
"uz": { "name": "Oʻzbek", "name_de": "Usbekisch", "name_en": "Uzbek", "code": "uz" },
"ve": { "name": "Tshivenḓa", "name_de": "Tshivenda", "name_en": "Venda", "code": "ve" },
"vec": { "name": "Vèneto", "name_de": "Venetisch", "name_en": "Venetian", "code": "vec" },
"vi": { "name": "Tiếng Việt", "name_de": "Vietnamesisch", "name_en": "Vietnamese", "code": "vi" },
"vo": { "name": "Volapük", "name_de": "Volapük", "name_en": "Volapük", "code": "vo" },
"wa": { "name": "Walon", "name_de": "Wallonisch", "name_en": "Walloon", "code": "wa" },
"wo": { "name": "Wollof", "name_de": "Wolof", "name_en": "Wolof", "code": "wo" },
"xh": { "name": "isiXhosa", "name_de": "isiXhosa", "name_en": "Xhosa", "code": "xh" },
"yec": { "name": "Jenisch", "name_de": "Jenisch", "name_en": "Yenish", "code": "yec" },
"yi": { "name": "ייִדיש", "name_de": "Jiddisch", "name_en": "Yiddish", "code": "yi" },
"yo": { "name": "Yorùbá", "name_de": "Yoruba", "name_en": "Yoruba", "code": "yo" },
"za": { "name": "Saw cuengh", "name_de": "Zhuang", "name_en": "Zhuang", "code": "za" },
"zh": { "name": "中文", "name_de": "Chinesisch", "name_en": "Chinese", "code": "zh" },
"zu": { "name": "isiZulu", "name_de": "isiZulu", "name_en": "Zulu", "code": "zu" }
}
