{
  "41ba25c": {
	"name": "Technisch notwendig",
	"description": "",
	"mandatory": true,
	"translated_name": {
	  "de_DE": "Technisch notwendig",
	  "en_US": "Technically neccessary"
	},
	"translated_description": {
	  "de_DE": "",
	  "en_US": ""
	}
  },
  "cdcbd7c": {
	"name": "Anzeigen \/ Ads",
	"description": "",
	"mandatory": false,
	"translated_name": {
	  "de_DE": "Anzeigen \/ Ads",
	  "en_US": "Advertisements"
	},
	"translated_description": {
	  "de_DE": "",
	  "en_US": ""
	}
  },
  "a717ff5": {
	"name": "Analyse",
	"description": "",
	"mandatory": false,
	"translated_name": {
	  "de_DE": "Analyse",
	  "en_US": "Measurement"
	},
	"translated_description": {
	  "de_DE": "",
	  "en_US": ""
	}
  },
  "7c19e32": {
	"name": "Personalisierung",
	"description": "",
	"mandatory": false,
	"translated_name": {
	  "de_DE": "Personalisierung",
	  "en_US": "Personalization"
	},
	"translated_description": {
	  "de_DE": "",
	  "en_US": ""
	}
  },
  "6cd2721": {
	"name": "Statistik",
	"description": "",
	"mandatory": false,
	"translated_name": {
	  "de_DE": "Statistik",
	  "en_US": "Statistics"
	},
	"translated_description": {
	  "de_DE": "",
	  "en_US": ""
	}
  },
  "15c61c3": {
	"name": "Sonstiges",
	"description": "",
	"mandatory": false,
	"translated_name": {
	  "de_DE": "Sonstiges",
	  "en_US": "Other"
	},
	"translated_description": {
	  "de_DE": "",
	  "en_US": ""
	}
  }
}